Workbook

Sheet 說明
A1: 作者本人判定表（一致性分析：人工評估者）
A2: 1. 依 docs/spec/inspection-spec-v1.md（檢驗規範 v1）判定 experiment/samples/ 中的 40 張樣本影像。
A3: 2. 先填「第1輪」，隔天再填「第2輪」（兩輪順序已打亂且不同），第2輪時不要回看第1輪。
A4: 3. 每張樣本一列：缺陷代碼、區域、量測 (µm，5 µm/px)、判定（下拉選 Pass／Warning／Fail）。無缺陷請填「無」並判 Pass。
A5: 4. 「重複性計算」工作表會自動計算本人重複性、對標準答案一致率、漏判率、誤判率、人工複判率。
A6: 5. 「標準答案」工作表已隱藏；兩輪都填完後再取消隱藏（右鍵工作表標籤 → 取消隱藏）。

Sheet 第1輪
A1: 序 | B1: 樣本 | C1: 缺陷代碼（無／CHP／CRK／SCR／CON，多個以 ; 分隔） | D1: 區域（core／peripheral） | E1: 量測 (µm) | F1: 判定 | G1: 備註
A2: 1 | B2: S19
A3: 2 | B3: S08
A4: 3 | B4: S24
A5: 4 | B5: S17
A6: 5 | B6: S23
A7: 6 | B7: S22
A8: 7 | B8: S07
A9: 8 | B9: S11
A10: 9 | B10: S25
A11: 10 | B11: S27
A12: 11 | B12: S34
A13: 12 | B13: S16
... A41: 40 | B41: S29

Sheet 第2輪
A1: 序 | B1: 樣本 | C1: 缺陷代碼（無／CHP／CRK／SCR／CON，多個以 ; 分隔） | D1: 區域（core／peripheral） | E1: 量測 (µm) | F1: 判定 | G1: 備註
A2: 1 | B2: S37
A3: 2 | B3: S07
A4: 3 | B4: S32
A5: 4 | B5: S13
A6: 5 | B6: S35
A7: 6 | B7: S39
A8: 7 | B8: S05
A9: 8 | B9: S27
A10: 9 | B10: S28
A11: 10 | B11: S36
A12: 11 | B12: S26
A13: 12 | B13: S17
... A41: 40 | B41: S09

Sheet 標準答案
A1: 樣本 | B1: 標準答案判定 | C1: 標準答案缺陷
A2: S01 | B2: Warning | C2: SCR core 150.0µm
A3: S02 | B3: Pass | C3: 無
A4: S03 | B4: Pass | C4: SCR peripheral 250.0µm
A5: S04 | B5: Fail | C5: CON core 25µm; CON core 30µm; CON core 35µm
A6: S05 | B6: Warning | C6: CON peripheral 60µm
A7: S06 | B7: Pass | C7: 無
A8: S07 | B8: Pass | C8: 無
A9: S08 | B9: Warning | C9: CHP peripheral 25µm
A10: S09 | B10: Pass | C10: 無
A11: S10 | B11: Pass | C11: CON core 15µm; CHP peripheral 6µm
A12: S11 | B12: Pass | C12: 無
... A41: S40 | B41: Pass | C41: 無

Sheet 重複性計算
A1: 樣本 | B1: 第1輪判定 | C1: 第2輪判定 | D1: 兩輪一致 (1/0) | E1: 標準答案 | F1: 第1輪對 (1/0) | G1: 第2輪對 (1/0)
A2: S01 | B2: =IFERROR(IF(INDEX(第1輪!$F$2:$F$41,MATCH(A2,第1輪!$B$2:$B$41,0))="","",INDEX(第1輪!$F$2:$F$41,MATCH(A2,第1輪!$B$2:$B$41,0))),"") | C2: =IFERROR(IF(INDEX(第2輪!$F$2:$F$41,MATCH(A2,第2輪!$B$2:$B$41,0))="","",INDEX(第2輪!$F$2:$F$41,MATCH(A2,第2輪!$B$2:$B$41,0))),"") | D2: =IF(OR(B2="",C2=""),"",IF(B2=C2,1,0)) | E2: =IFERROR(INDEX(標準答案!$B$2:$B$41,MATCH(A2,標準答案!$A$2:$A$41,0)),"") | F2: =IF(B2="","",IF(B2=E2,1,0)) | G2: =IF(C2="","",IF(C2=E2,1,0))
A3: S02 | B3: =IFERROR(IF(INDEX(第1輪!$F$2:$F$41,MATCH(A3,第1輪!$B$2:$B$41,0))="","",INDEX(第1輪!$F$2:$F$41,MATCH(A3,第1輪!$B$2:$B$41,0))),"") | C3: =IFERROR(IF(INDEX(第2輪!$F$2:$F$41,MATCH(A3,第2輪!$B$2:$B$41,0))="","",INDEX(第2輪!$F$2:$F$41,MATCH(A3,第2輪!$B$2:$B$41,0))),"") | D3: =IF(OR(B3="",C3=""),"",IF(B3=C3,1,0)) | E3: =IFERROR(INDEX(標準答案!$B$2:$B$41,MATCH(A3,標準答案!$A$2:$A$41,0)),"") | F3: =IF(B3="","",IF(B3=E3,1,0)) | G3: =IF(C3="","",IF(C3=E3,1,0))
A4: S03 | B4: =IFERROR(IF(INDEX(第1輪!$F$2:$F$41,MATCH(A4,第1輪!$B$2:$B$41,0))="","",INDEX(第1輪!$F$2:$F$41,MATCH(A4,第1輪!$B$2:$B$41,0))),"") | C4: =IFERROR(IF(INDEX(第2輪!$F$2:$F$41,MATCH(A4,第2輪!$B$2:$B$41,0))="","",INDEX(第2輪!$F$2:$F$41,MATCH(A4,第2輪!$B$2:$B$41,0))),"") | D4: =IF(OR(B4="",C4=""),"",IF(B4=C4,1,0)) | E4: =IFERROR(INDEX(標準答案!$B$2:$B$41,MATCH(A4,標準答案!$A$2:$A$41,0)),"") | F4: =IF(B4="","",IF(B4=E4,1,0)) | G4: =IF(C4="","",IF(C4=E4,1,0))
A5: S04 | B5: =IFERROR(IF(INDEX(第1輪!$F$2:$F$41,MATCH(A5,第1輪!$B$2:$B$41,0))="","",INDEX(第1輪!$F$2:$F$41,MATCH(A5,第1輪!$B$2:$B$41,0))),"") | C5: =IFERROR(IF(INDEX(第2輪!$F$2:$F$41,MATCH(A5,第2輪!$B$2:$B$41,0))="","",INDEX(第2輪!$F$2:$F$41,MATCH(A5,第2輪!$B$2:$B$41,0))),"") | D5: =IF(OR(B5="",C5=""),"",IF(B5=C5,1,0)) | E5: =IFERROR(INDEX(標準答案!$B$2:$B$41,MATCH(A5,標準答案!$A$2:$A$41,0)),"") | F5: =IF(B5="","",IF(B5=E5,1,0)) | G5: =IF(C5="","",IF(C5=E5,1,0))
A6: S05 | B6: =IFERROR(IF(INDEX(第1輪!$F$2:$F$41,MATCH(A6,第1輪!$B$2:$B$41,0))="","",INDEX(第1輪!$F$2:$F$41,MATCH(A6,第1輪!$B$2:$B$41,0))),"") | C6: =IFERROR(IF(INDEX(第2輪!$F$2:$F$41,MATCH(A6,第2輪!$B$2:$B$41,0))="","",INDEX(第2輪!$F$2:$F$41,MATCH(A6,第2輪!$B$2:$B$41,0))),"") | D6: =IF(OR(B6="",C6=""),"",IF(B6=C6,1,0)) | E6: =IFERROR(INDEX(標準答案!$B$2:$B$41,MATCH(A6,標準答案!$A$2:$A$41,0)),"") | F6: =IF(B6="","",IF(B6=E6,1,0)) | G6: =IF(C6="","",IF(C6=E6,1,0))
A7: S06 | B7: =IFERROR(IF(INDEX(第1輪!$F$2:$F$41,MATCH(A7,第1輪!$B$2:$B$41,0))="","",INDEX(第1輪!$F$2:$F$41,MATCH(A7,第1輪!$B$2:$B$41,0))),"") | C7: =IFERROR(IF(INDEX(第2輪!$F$2:$F$41,MATCH(A7,第2輪!$B$2:$B$41,0))="","",INDEX(第2輪!$F$2:$F$41,MATCH(A7,第2輪!$B$2:$B$41,0))),"") | D7: =IF(OR(B7="",C7=""),"",IF(B7=C7,1,0)) | E7: =IFERROR(INDEX(標準答案!$B$2:$B$41,MATCH(A7,標準答案!$A$2:$A$41,0)),"") | F7: =IF(B7="","",IF(B7=E7,1,0)) | G7: =IF(C7="","",IF(C7=E7,1,0))
A8: S07 | B8: =IFERROR(IF(INDEX(第1輪!$F$2:$F$41,MATCH(A8,第1輪!$B$2:$B$41,0))="","",INDEX(第1輪!$F$2:$F$41,MATCH(A8,第1輪!$B$2:$B$41,0))),"") | C8: =IFERROR(IF(INDEX(第2輪!$F$2:$F$41,MATCH(A8,第2輪!$B$2:$B$41,0))="","",INDEX(第2輪!$F$2:$F$41,MATCH(A8,第2輪!$B$2:$B$41,0))),"") | D8: =IF(OR(B8="",C8=""),"",IF(B8=C8,1,0)) | E8: =IFERROR(INDEX(標準答案!$B$2:$B$41,MATCH(A8,標準答案!$A$2:$A$41,0)),"") | F8: =IF(B8="","",IF(B8=E8,1,0)) | G8: =IF(C8="","",IF(C8=E8,1,0))
A9: S08 | B9: =IFERROR(IF(INDEX(第1輪!$F$2:$F$41,MATCH(A9,第1輪!$B$2:$B$41,0))="","",INDEX(第1輪!$F$2:$F$41,MATCH(A9,第1輪!$B$2:$B$41,0))),"") | C9: =IFERROR(IF(INDEX(第2輪!$F$2:$F$41,MATCH(A9,第2輪!$B$2:$B$41,0))="","",INDEX(第2輪!$F$2:$F$41,MATCH(A9,第2輪!$B$2:$B$41,0))),"") | D9: =IF(OR(B9="",C9=""),"",IF(B9=C9,1,0)) | E9: =IFERROR(INDEX(標準答案!$B$2:$B$41,MATCH(A9,標準答案!$A$2:$A$41,0)),"") | F9: =IF(B9="","",IF(B9=E9,1,0)) | G9: =IF(C9="","",IF(C9=E9,1,0))
A10: S09 | B10: =IFERROR(IF(INDEX(第1輪!$F$2:$F$41,MATCH(A10,第1輪!$B$2:$B$41,0))="","",INDEX(第1輪!$F$2:$F$41,MATCH(A10,第1輪!$B$2:$B$41,0))),"") | C10: =IFERROR(IF(INDEX(第2輪!$F$2:$F$41,MATCH(A10,第2輪!$B$2:$B$41,0))="","",INDEX(第2輪!$F$2:$F$41,MATCH(A10,第2輪!$B$2:$B$41,0))),"") | D10: =IF(OR(B10="",C10=""),"",IF(B10=C10,1,0)) | E10: =IFERROR(INDEX(標準答案!$B$2:$B$41,MATCH(A10,標準答案!$A$2:$A$41,0)),"") | F10: =IF(B10="","",IF(B10=E10,1,0)) | G10: =IF(C10="","",IF(C10=E10,1,0))
A11: S10 | B11: =IFERROR(IF(INDEX(第1輪!$F$2:$F$41,MATCH(A11,第1輪!$B$2:$B$41,0))="","",INDEX(第1輪!$F$2:$F$41,MATCH(A11,第1輪!$B$2:$B$41,0))),"") | C11: =IFERROR(IF(INDEX(第2輪!$F$2:$F$41,MATCH(A11,第2輪!$B$2:$B$41,0))="","",INDEX(第2輪!$F$2:$F$41,MATCH(A11,第2輪!$B$2:$B$41,0))),"") | D11: =IF(OR(B11="",C11=""),"",IF(B11=C11,1,0)) | E11: =IFERROR(INDEX(標準答案!$B$2:$B$41,MATCH(A11,標準答案!$A$2:$A$41,0)),"") | F11: =IF(B11="","",IF(B11=E11,1,0)) | G11: =IF(C11="","",IF(C11=E11,1,0))
A12: S11 | B12: =IFERROR(IF(INDEX(第1輪!$F$2:$F$41,MATCH(A12,第1輪!$B$2:$B$41,0))="","",INDEX(第1輪!$F$2:$F$41,MATCH(A12,第1輪!$B$2:$B$41,0))),"") | C12: =IFERROR(IF(INDEX(第2輪!$F$2:$F$41,MATCH(A12,第2輪!$B$2:$B$41,0))="","",INDEX(第2輪!$F$2:$F$41,MATCH(A12,第2輪!$B$2:$B$41,0))),"") | D12: =IF(OR(B12="",C12=""),"",IF(B12=C12,1,0)) | E12: =IFERROR(INDEX(標準答案!$B$2:$B$41,MATCH(A12,標準答案!$A$2:$A$41,0)),"") | F12: =IF(B12="","",IF(B12=E12,1,0)) | G12: =IF(C12="","",IF(C12=E12,1,0))
A13: S12 | B13: =IFERROR(IF(INDEX(第1輪!$F$2:$F$41,MATCH(A13,第1輪!$B$2:$B$41,0))="","",INDEX(第1輪!$F$2:$F$41,MATCH(A13,第1輪!$B$2:$B$41,0))),"") | C13: =IFERROR(IF(INDEX(第2輪!$F$2:$F$41,MATCH(A13,第2輪!$B$2:$B$41,0))="","",INDEX(第2輪!$F$2:$F$41,MATCH(A13,第2輪!$B$2:$B$41,0))),"") | D13: =IF(OR(B13="",C13=""),"",IF(B13=C13,1,0)) | E13: =IFERROR(INDEX(標準答案!$B$2:$B$41,MATCH(A13,標準答案!$A$2:$A$41,0)),"") | F13: =IF(B13="","",IF(B13=E13,1,0)) | G13: =IF(C13="","",IF(C13=E13,1,0))
... A41: S40 | B41: =IFERROR(IF(INDEX(第1輪!$F$2:$F$41,MATCH(A41,第1輪!$B$2:$B$41,0))="","",INDEX(第1輪!$F$2:$F$41,MATCH(A41,第1輪!$B$2:$B$41,0))),"") | C41: =IFERROR(IF(INDEX(第2輪!$F$2:$F$41,MATCH(A41,第2輪!$B$2:$B$41,0))="","",INDEX(第2輪!$F$2:$F$41,MATCH(A41,第2輪!$B$2:$B$41,0))),"") | D41: =IF(OR(B41="",C41=""),"",IF(B41=C41,1,0)) | E41: =IFERROR(INDEX(標準答案!$B$2:$B$41,MATCH(A41,標準答案!$A$2:$A$41,0)),"") | F41: =IF(B41="","",IF(B41=E41,1,0)) | G41: =IF(C41="","",IF(C41=E41,1,0))
A43: 兩輪皆已填的樣本數 | D43: =COUNT(D2:D41)
A44: 重複性（兩輪判定一致比例） | D44: =IF(COUNT(D2:D41)=0,"",SUM(D2:D41)/COUNT(D2:D41))
A45: 對標準答案一致率（第1輪） | D45: =IF(COUNT(F2:F41)=0,"",SUM(F2:F41)/COUNT(F2:F41))
A46: 對標準答案一致率（第2輪） | D46: =IF(COUNT(G2:G41)=0,"",SUM(G2:G41)/COUNT(G2:G41))
A47: 漏判率（標準答案 Fail 被判 Pass，兩輪合計） | D47: =IF(COUNTIFS(E2:E41,"Fail",B2:B41,"?*")+COUNTIFS(E2:E41,"Fail",C2:C41,"?*")=0,"",(COUNTIFS(E2:E41,"Fail",B2:B41,"Pass")+COUNTIFS(E2:E41,"Fail",C2:C41,"Pass"))/(COUNTIFS(E2:E41,"Fail",B2:B41,"?*")+COUNTIFS(E2:E41,"Fail",C2:C41,"?*")))
A48: 誤判率（標準答案 Pass 被判 Fail，兩輪合計） | D48: =IF(COUNTIFS(E2:E41,"Pass",B2:B41,"?*")+COUNTIFS(E2:E41,"Pass",C2:C41,"?*")=0,"",(COUNTIFS(E2:E41,"Pass",B2:B41,"Fail")+COUNTIFS(E2:E41,"Pass",C2:C41,"Fail"))/(COUNTIFS(E2:E41,"Pass",B2:B41,"?*")+COUNTIFS(E2:E41,"Pass",C2:C41,"?*")))
A49: 人工複判率（判 Warning 比例，兩輪合計） | D49: =IF(COUNTIF(B2:B41,"?*")+COUNTIF(C2:C41,"?*")=0,"",(COUNTIF(B2:B41,"Warning")+COUNTIF(C2:C41,"Warning"))/(COUNTIF(B2:B41,"?*")+COUNTIF(C2:C41,"?*")))
